Age,1-Apr-10,,,,,,Population Estimate (as of July 1),,,,,,,,,,,,,,,,,,,,,,,,
,Census,,,Estimates Base,,,2010,,,2011,,,2012,,,2013,,,,2014,,,2015,,,2016,,,2017,,
,Both Sexes,Male,Female,Both Sexes,Male,Female,Both Sexes,Male,Female,Both Sexes,Male,Female,Both Sexes,Male,Female,Both Sexes,Male,Female,Female,Both Sexes,Male,Female,Both Sexes,Male,Female,Both Sexes,Male,Female,Both Sexes,Male,Female
Total,"308,745,538","151,781,326","156,964,212","308,758,105","151,788,777","156,969,328","309,338,421","152,082,993","157,255,428","311,644,280","153,242,210","158,402,070","313,993,272","154,452,348","159,540,924","316,234,505","155,596,820","160,637,685","160,637,685","318,622,525","156,807,419","161,815,106","321,039,839","158,048,153","162,991,686","323,405,935","159,243,817","164,162,118","325,719,178","160,408,119","165,311,059"
0,"3,944,153","2,014,276","1,929,877","3,944,160","2,014,278","1,929,882","3,951,454","2,018,489","1,932,965","3,962,971","2,028,365","1,934,606","3,926,486","2,007,687","1,918,799","3,931,208","2,009,717","1,921,491","1,921,491","3,954,725","2,024,473","1,930,252","3,984,294","2,037,837","1,946,457","3,955,377","2,021,764","1,933,613","3,939,295","2,015,150","1,924,145"
1,"3,978,070","2,030,853","1,947,217","3,978,090","2,030,861","1,947,229","3,957,695","2,020,238","1,937,457","3,966,056","2,025,239","1,940,817","3,977,264","2,035,061","1,942,203","3,942,441","2,015,564","1,926,877","1,926,877","3,948,689","2,018,408","1,930,281","3,973,189","2,033,678","1,939,511","4,004,017","2,047,678","1,956,339","3,975,252","2,031,718","1,943,534"
2,"4,096,929","2,092,198","2,004,731","4,096,939","2,092,202","2,004,737","4,090,616","2,088,564","2,002,052","3,970,491","2,026,382","1,944,109","3,978,648","2,031,249","1,947,399","3,991,295","2,041,998","1,949,297","1,949,297","3,958,296","2,023,505","1,934,791","3,965,536","2,026,909","1,938,627","3,990,991","2,042,666","1,948,325","4,021,775","2,056,625","1,965,150"
3,"4,119,040","2,104,550","2,014,490","4,119,051","2,104,555","2,014,496","4,111,682","2,101,148","2,010,534","4,101,643","2,093,834","2,007,809","3,981,321","2,031,539","1,949,782","3,990,699","2,036,967","1,953,732","1,953,732","4,005,424","2,048,966","1,956,458","3,973,376","2,030,982","1,942,394","3,981,326","2,034,744","1,946,582","4,006,755","2,050,474","1,956,281"
4,"4,063,170","2,077,550","1,985,620","4,063,186","2,077,556","1,985,630","4,077,326","2,084,202","1,993,124","4,121,485","2,105,860","2,015,625","4,111,444","2,098,540","2,012,904","3,992,298","2,036,784","1,955,514","1,955,514","4,003,684","2,043,405","1,960,279","4,019,335","2,055,928","1,963,407","3,987,866","2,038,254","1,949,612","3,995,783","2,042,001","1,953,782"
5,"4,056,858","2,072,094","1,984,764","4,056,872","2,072,102","1,984,770","4,064,480","2,076,475","1,988,005","4,087,056","2,089,050","1,998,006","4,131,048","2,110,656","2,020,392","4,121,794","2,103,643","2,018,151","2,018,151","4,004,373","2,042,817","1,961,556","4,016,658","2,049,934","1,966,724","4,032,787","2,062,721","1,970,066","4,001,318","2,045,050","1,956,268"
6,"4,066,381","2,075,319","1,991,062","4,066,412","2,075,330","1,991,082","4,072,889","2,079,359","1,993,530","4,074,516","2,081,492","1,993,024","4,096,654","2,093,913","2,002,741","4,141,144","2,115,743","2,025,401","2,025,401","4,133,300","2,109,439","2,023,861","4,016,732","2,049,080","1,967,652","4,029,444","2,056,429","1,973,015","4,045,532","2,069,201","1,976,331"
7,"4,030,579","2,057,076","1,973,503","4,030,594","2,057,082","1,973,512","4,042,967","2,063,096","1,979,871","4,082,870","2,084,146","1,998,724","4,084,201","2,086,119","1,998,082","4,106,863","2,098,837","2,008,026","2,008,026","4,152,751","2,121,568","2,031,183","4,145,829","2,115,766","2,030,063","4,029,700","2,055,671","1,974,029","4,042,379","2,063,003","1,979,376"
8,"4,046,486","2,065,453","1,981,033","4,046,497","2,065,459","1,981,038","4,025,495","2,054,387","1,971,108","4,052,889","2,067,779","1,985,110","4,092,669","2,088,728","2,003,941","4,094,674","2,090,936","2,003,738","2,003,738","4,118,570","2,104,524","2,014,046","4,165,408","2,127,788","2,037,620","4,158,968","2,122,254","2,036,714","4,042,838","2,062,172","1,980,666"
9,"4,148,353","2,119,696","2,028,657","4,148,369","2,119,702","2,028,667","4,125,317","2,106,964","2,018,353","4,035,461","2,059,043","1,976,418","4,062,842","2,072,428","1,990,414","4,103,296","2,093,642","2,009,654","2,009,654","4,106,389","2,096,559","2,009,830","4,131,317","2,110,729","2,020,588","4,178,605","2,134,232","2,044,373","4,172,171","2,128,715","2,043,456"
10,"4,172,541","2,135,996","2,036,545","4,172,559","2,136,007","2,036,552","4,186,959","2,142,107","2,044,852","4,135,458","2,111,649","2,023,809","4,045,601","2,063,743","1,981,858","4,073,237","2,077,307","1,995,930","1,995,930","4,115,033","2,099,170","2,015,863","4,119,269","2,102,773","2,016,496","4,144,625","2,117,158","2,027,467","4,191,919","2,140,682","2,051,237"
11,"4,114,415","2,103,264","2,011,151","4,114,443","2,103,284","2,011,159","4,115,452","2,104,761","2,010,691","4,197,307","2,146,877","2,050,430","4,145,939","2,116,505","2,029,434","4,056,173","2,068,739","1,987,434","1,987,434","4,085,016","2,083,029","2,001,987","4,128,022","2,105,602","2,022,420","4,132,611","2,109,432","2,023,179","4,157,962","2,123,819","2,034,143"
12,"4,106,243","2,100,145","2,006,098","4,106,261","2,100,156","2,006,105","4,113,239","2,103,603","2,009,636","4,126,020","2,109,574","2,016,446","4,208,003","2,151,823","2,056,180","4,156,759","2,121,640","2,035,119","2,035,119","4,067,899","2,074,584","1,993,315","4,097,932","2,089,598","2,008,334","4,141,353","2,112,430","2,028,923","4,145,953","2,116,260","2,029,693"
13,"4,118,013","2,104,914","2,013,099","4,118,055","2,104,932","2,013,123","4,119,585","2,104,914","2,014,671","4,124,131","2,108,756","2,015,375","4,136,655","2,114,710","2,021,945","4,219,019","2,157,175","2,061,844","2,061,844","4,169,022","2,127,749","2,041,273","4,081,296","2,081,376","1,999,920","4,111,886","2,096,710","2,015,176","4,155,315","2,119,558","2,035,757"
14,"4,165,982","2,135,543","2,030,439","4,166,059","2,135,596","2,030,463","4,145,490","2,122,850","2,022,640","4,131,295","2,110,588","2,020,707","4,135,424","2,114,279","2,021,145","4,148,560","2,120,610","2,027,950","2,027,950","4,232,526","2,164,056","2,068,470","4,183,831","2,135,424","2,048,407","4,096,727","2,089,414","2,007,313","4,127,305","2,104,753","2,022,552"
15,"4,242,820","2,177,022","2,065,798","4,242,946","2,177,104","2,065,842","4,230,902","2,170,373","2,060,529","4,158,739","2,129,299","2,029,440","4,143,882","2,116,810","2,027,072","4,149,009","2,121,124","2,027,885","2,027,885","4,164,225","2,128,678","2,035,547","4,249,635","2,172,971","2,076,664","4,201,611","2,144,753","2,056,858","4,114,560","2,098,809","2,015,751"
16,"4,316,139","2,216,034","2,100,105","4,316,311","2,216,153","2,100,158","4,313,090","2,214,913","2,098,177","4,247,235","2,178,771","2,068,464","4,174,315","2,137,317","2,036,998","4,160,427","2,125,393","2,035,034","2,035,034","4,167,605","2,130,757","2,036,848","4,184,373","2,139,289","2,045,084","4,270,670","2,184,078","2,086,592","4,222,691","2,155,909","2,066,782"
17,"4,395,295","2,263,153","2,132,142","4,395,475","2,263,294","2,132,181","4,376,158","2,252,719","2,123,439","4,334,584","2,226,338","2,108,246","4,267,964","2,189,652","2,078,312","4,195,438","2,148,491","2,046,947","2,046,947","4,183,519","2,137,554","2,045,965","4,192,344","2,143,845","2,048,499","4,210,248","2,153,031","2,057,217","4,296,575","2,197,871","2,098,704"
18,"4,500,855","2,305,473","2,195,382","4,501,114","2,305,664","2,195,450","4,490,385","2,305,415","2,184,970","4,401,461","2,265,926","2,135,535","4,359,020","2,238,970","2,120,050","4,293,061","2,202,866","2,090,195","2,090,195","4,222,786","2,162,805","2,059,981","4,213,143","2,153,257","2,059,886","4,223,290","2,160,245","2,063,045","4,241,226","2,169,468","2,071,758"
19,"4,585,234","2,341,984","2,243,250","4,585,701","2,342,296","2,243,405","4,570,789","2,334,607","2,236,182","4,518,349","2,320,185","2,198,164","4,427,917","2,279,919","2,147,998","4,385,466","2,252,999","2,132,467","2,132,467","4,322,239","2,218,512","2,103,727","4,254,939","2,180,602","2,074,337","4,245,565","2,170,760","2,074,805","4,256,608","2,178,434","2,078,174"
20,"4,519,129","2,308,319","2,210,810","4,519,556","2,308,579","2,210,977","4,568,055","2,331,630","2,236,425","4,598,385","2,348,718","2,249,667","4,546,920","2,335,985","2,210,935","4,453,700","2,293,538","2,160,162","2,160,162","4,412,489","2,267,069","2,145,420","4,353,486","2,235,851","2,117,635","4,286,564","2,197,828","2,088,736","4,276,745","2,187,409","2,089,336"
21,"4,354,294","2,223,198","2,131,096","4,354,603","2,223,396","2,131,207","4,387,520","2,240,899","2,146,621","4,594,545","2,344,505","2,250,040","4,630,398","2,366,933","2,263,465","4,574,494","2,350,288","2,224,206","2,224,206","4,482,033","2,307,824","2,174,209","4,445,074","2,284,507","2,160,567","4,386,414","2,253,183","2,133,231","4,318,304","2,213,975","2,104,329"
22,"4,264,642","2,177,797","2,086,845","4,264,946","2,178,023","2,086,923","4,286,502","2,188,003","2,098,499","4,413,679","2,252,476","2,161,203","4,626,348","2,361,577","2,264,771","4,661,047","2,382,741","2,278,306","2,278,306","4,605,757","2,365,777","2,239,980","4,517,314","2,326,117","2,191,197","4,480,595","2,302,536","2,178,059","4,420,763","2,270,148","2,150,615"
23,"4,198,571","2,140,799","2,057,772","4,198,859","2,141,015","2,057,844","4,216,698","2,150,842","2,065,856","4,312,907","2,198,747","2,114,160","4,444,658","2,268,097","2,176,561","4,656,683","2,376,290","2,280,393","2,280,393","4,694,117","2,398,890","2,295,227","4,641,661","2,383,707","2,257,954","4,553,777","2,344,031","2,209,746","4,515,308","2,318,784","2,196,524"
24,"4,249,363","2,164,063","2,085,300","4,249,609","2,164,238","2,085,371","4,243,224","2,161,164","2,082,060","4,242,863","2,160,853","2,082,010","4,343,285","2,213,084","2,130,201","4,473,760","2,281,368","2,192,392","2,192,392","4,688,618","2,390,781","2,297,837","4,729,252","2,415,482","2,313,770","4,676,663","2,399,677","2,276,986","4,587,515","2,358,826","2,228,689"
25,"4,262,350","2,161,308","2,101,042","4,262,583","2,161,475","2,101,108","4,289,018","2,176,947","2,112,071","4,268,587","2,169,984","2,098,603","4,272,877","2,174,709","2,098,168","4,371,120","2,225,071","2,146,049","2,146,049","4,503,882","2,294,465","2,209,417","4,722,239","2,406,023","2,316,216","4,763,194","2,430,677","2,332,517","4,708,854","2,413,370","2,295,484"
26,"4,152,305","2,097,088","2,055,217","4,152,598","2,097,305","2,055,293","4,160,508","2,102,167","2,058,341","4,312,376","2,184,786","2,127,590","4,297,039","2,183,136","2,113,903","4,299,622","2,186,030","2,113,592","2,113,592","4,400,262","2,237,805","2,162,457","4,536,357","2,309,039","2,227,318","4,754,096","2,419,961","2,334,135","4,794,326","2,443,974","2,350,352"
27,"4,248,869","2,140,651","2,108,218","4,249,132","2,140,841","2,108,291","4,236,809","2,135,066","2,101,743","4,182,321","2,109,556","2,072,765","4,338,729","2,196,510","2,142,219","4,322,526","2,194,102","2,128,424","2,128,424","4,328,101","2,198,515","2,129,586","4,432,055","2,252,182","2,179,873","4,567,423","2,322,801","2,244,622","4,784,135","2,432,679","2,351,456"
28,"4,215,249","2,118,605","2,096,644","4,215,502","2,118,796","2,096,706","4,247,376","2,134,882","2,112,494","4,257,105","2,141,933","2,115,172","4,206,443","2,120,231","2,086,212","4,361,578","2,206,131","2,155,447","2,155,447","4,348,951","2,205,858","2,143,093","4,358,168","2,212,551","2,145,617","4,461,130","2,265,271","2,195,859","4,595,406","2,335,023","2,260,383"
29,"4,223,076","2,117,939","2,105,137","4,223,292","2,118,098","2,105,194","4,210,139","2,112,199","2,097,940","4,265,555","2,141,133","2,124,422","4,279,311","2,152,115","2,127,196","4,228,116","2,129,646","2,098,470","2,098,470","4,386,181","2,217,185","2,168,996","4,377,349","2,219,428","2,157,921","4,385,585","2,225,093","2,160,492","4,487,739","2,277,184","2,210,555"
30,"4,285,668","2,160,802","2,124,866","4,285,877","2,160,945","2,124,932","4,304,114","2,167,383","2,136,731","4,226,341","2,117,767","2,108,574","4,285,186","2,150,062","2,135,124","4,299,431","2,160,851","2,138,580","2,138,580","4,251,419","2,140,036","2,111,383","4,412,626","2,229,642","2,182,984","4,403,377","2,231,452","2,171,925","4,410,631","2,236,352","2,174,279"
31,"3,970,218","1,988,155","1,982,063","3,970,416","1,988,284","1,982,132","4,042,424","2,026,371","2,016,053","4,318,453","2,172,280","2,146,173","4,243,591","2,125,530","2,118,061","4,302,255","2,157,601","2,144,654","2,144,654","4,319,291","2,169,862","2,149,429","4,274,952","2,151,514","2,123,438","4,434,930","2,240,172","2,194,758","4,425,408","2,241,759","2,183,649"
32,"3,986,847","1,994,476","1,992,371","3,987,041","1,994,606","1,992,435","3,967,447","1,986,066","1,981,381","4,054,769","2,030,450","2,024,319","4,333,504","2,179,088","2,154,416","4,258,685","2,132,311","2,126,374","2,126,374","4,319,429","2,165,566","2,153,863","4,339,718","2,179,910","2,159,808","4,294,385","2,160,786","2,133,599","4,453,718","2,248,948","2,204,770"
33,"3,880,150","1,936,863","1,943,287","3,880,318","1,936,983","1,943,335","3,933,404","1,963,538","1,969,866","3,978,681","1,989,890","1,988,791","4,067,769","2,036,032","2,031,737","4,346,508","2,184,629","2,161,879","2,161,879","4,273,924","2,139,060","2,134,864","4,337,144","2,173,981","2,163,163","4,356,692","2,187,596","2,169,096","4,310,977","2,168,114","2,142,863"
34,"3,839,216","1,916,204","1,923,012","3,839,372","1,916,311","1,923,061","3,822,120","1,908,680","1,913,440","3,943,239","1,966,539","1,976,700","3,990,632","1,995,034","1,995,598","4,078,962","2,040,517","2,038,445","2,038,445","4,359,882","2,190,278","2,169,604","4,289,883","2,146,424","2,143,459","4,352,115","2,180,528","2,171,587","4,371,478","2,193,958","2,177,520"
35,"3,956,434","1,980,916","1,975,518","3,956,625","1,981,032","1,975,593","3,948,190","1,974,538","1,973,652","3,831,104","1,911,379","1,919,725","3,953,998","1,971,146","1,982,852","4,000,897","1,999,123","2,001,774","2,001,774","4,090,363","2,045,277","2,045,086","4,373,944","2,196,753","2,177,191","4,303,181","2,152,316","2,150,865","4,364,947","2,185,895","2,179,052"
36,"3,802,087","1,890,595","1,911,492","3,802,236","1,890,693","1,911,543","3,830,090","1,907,310","1,922,780","3,955,372","1,976,370","1,979,002","3,840,281","1,914,957","1,925,324","3,962,434","1,973,976","1,988,458","1,988,458","4,010,887","2,002,972","2,007,915","4,102,517","2,050,541","2,051,976","4,385,025","2,201,058","2,183,967","4,313,987","2,156,347","2,157,640"
37,"3,934,445","1,953,386","1,981,059","3,934,593","1,953,488","1,981,105","3,896,623","1,934,423","1,962,200","3,836,098","1,908,617","1,927,481","3,963,305","1,979,319","1,983,986","3,847,788","1,917,365","1,930,423","1,930,423","3,971,081","1,977,004","1,994,077","4,021,765","2,007,403","2,014,362","4,112,091","2,053,905","2,058,186","4,394,351","2,204,181","2,190,170"
38,"4,121,880","2,049,720","2,072,160","4,122,089","2,049,866","2,072,223","4,080,090","2,027,938","2,052,152","3,901,363","1,935,048","1,966,315","3,842,912","1,911,000","1,931,912","3,969,573","1,981,161","1,988,412","1,988,412","3,855,833","1,920,085","1,935,748","3,980,639","1,980,685","1,999,954","4,030,605","2,010,506","2,020,099","4,120,468","2,056,619","2,063,849"
39,"4,364,796","2,167,405","2,197,391","4,364,949","2,167,500","2,197,449","4,324,292","2,148,612","2,175,680","4,083,814","2,028,305","2,055,509","3,906,612","1,936,592","1,970,020","3,848,177","1,912,563","1,935,614","1,935,614","3,976,512","1,983,591","1,992,921","3,864,518","1,923,457","1,941,061","3,988,387","1,983,297","2,005,090","4,038,244","2,012,943","2,025,301"
40,"4,383,274","2,191,249","2,192,025","4,383,450","2,191,367","2,192,083","4,387,318","2,189,414","2,197,904","4,325,717","2,147,521","2,178,196","4,087,369","2,028,979","2,058,390","3,910,240","1,937,311","1,972,929","1,972,929","3,853,387","1,914,280","1,939,107","3,983,367","1,986,244","1,997,123","3,870,893","1,925,676","1,945,217","3,994,423","1,985,267","2,009,156"
41,"4,114,985","2,047,818","2,067,167","4,115,155","2,047,931","2,067,224","4,163,365","2,073,839","2,089,526","4,386,968","2,187,174","2,199,794","4,327,314","2,147,182","2,180,132","4,089,720","2,029,038","2,060,682","2,060,682","3,913,779","1,938,061","1,975,718","3,858,785","1,916,197","1,942,588","3,987,834","1,987,407","2,000,427","3,875,738","1,927,055","1,948,683"
42,"4,076,104","2,028,653","2,047,451","4,076,260","2,028,755","2,047,505","4,082,649","2,031,729","2,050,920","4,162,181","2,071,521","2,090,660","4,386,985","2,185,932","2,201,053","4,327,551","2,145,927","2,181,624","2,181,624","4,091,708","2,028,936","2,062,772","3,917,161","1,938,713","1,978,448","3,861,852","1,916,498","1,945,354","3,990,700","1,987,507","2,003,193"
43,"4,105,105","2,035,990","2,069,115","4,105,285","2,036,118","2,069,167","4,093,719","2,030,919","2,062,800","4,080,591","2,029,064","2,051,527","4,161,015","2,069,526","2,091,489","4,385,208","2,183,433","2,201,775","2,201,775","4,327,303","2,144,601","2,182,702","4,093,397","2,028,719","2,064,678","3,918,537","1,938,208","1,980,329","3,863,455","1,916,102","1,947,353"
44,"4,211,496","2,090,267","2,121,229","4,211,684","2,090,388","2,121,296","4,178,367","2,074,495","2,103,872","4,090,705","2,027,720","2,062,985","4,078,611","2,026,565","2,052,046","4,158,497","2,066,682","2,091,815","2,091,815","4,383,470","2,181,105","2,202,365","4,327,295","2,143,475","2,183,820","4,093,328","2,027,424","2,065,904","3,919,057","1,937,184","1,981,873"
45,"4,508,868","2,237,450","2,271,418","4,509,044","2,237,564","2,271,480","4,438,446","2,201,818","2,236,628","4,173,540","2,070,141","2,103,399","4,087,295","2,024,634","2,062,661","4,074,594","2,022,890","2,051,704","2,051,704","4,155,383","2,063,514","2,091,869","4,381,059","2,178,400","2,202,659","4,324,551","2,140,344","2,184,207","4,091,579","2,025,025","2,066,554"
46,"4,519,761","2,230,982","2,288,779","4,519,941","2,231,099","2,288,842","4,529,607","2,238,713","2,290,894","4,431,746","2,196,534","2,235,212","4,168,182","2,066,029","2,102,153","4,081,816","2,020,319","2,061,497","2,061,497","4,070,035","2,018,879","2,051,156","4,151,692","2,060,018","2,091,674","4,376,488","2,174,282","2,202,206","4,320,583","2,136,737","2,183,846"
47,"4,535,265","2,238,248","2,297,017","4,535,450","2,238,371","2,297,079","4,535,360","2,237,874","2,297,486","4,520,780","2,232,269","2,288,511","4,424,250","2,191,112","2,233,138","4,161,224","2,060,767","2,100,457","2,100,457","4,076,200","2,015,874","2,060,326","4,065,383","2,014,948","2,050,435","4,146,627","2,055,816","2,090,811","4,370,964","2,169,762","2,201,202"
48,"4,538,796","2,237,734","2,301,062","4,538,968","2,237,859","2,301,109","4,534,558","2,235,241","2,299,317","4,524,448","2,230,114","2,294,334","4,511,059","2,225,362","2,285,697","4,414,834","2,184,297","2,230,537","2,230,537","4,153,395","2,055,000","2,098,395","4,069,724","2,010,994","2,058,730","4,058,776","2,009,855","2,048,921","4,140,010","2,050,739","2,089,271"
49,"4,605,901","2,264,671","2,341,230","4,606,060","2,264,793","2,341,267","4,598,974","2,262,390","2,336,584","4,521,744","2,226,407","2,295,337","4,512,793","2,222,105","2,290,688","4,499,442","2,217,307","2,282,135","2,282,135","4,404,466","2,176,992","2,227,474","4,144,843","2,048,844","2,095,999","4,061,192","2,004,734","2,056,458","4,050,722","2,003,912","2,046,810"
50,"4,660,295","2,300,354","2,359,941","4,660,457","2,300,471","2,359,986","4,646,111","2,290,808","2,355,303","4,584,099","2,252,366","2,331,733","4,508,304","2,217,331","2,290,973","4,498,950","2,212,636","2,286,314","2,286,314","4,486,472","2,208,500","2,277,972","4,392,884","2,169,038","2,223,846","4,133,931","2,041,063","2,092,868","4,051,078","1,997,485","2,053,593"
51,"4,464,631","2,190,766","2,273,865","4,464,779","2,190,860","2,273,919","4,498,875","2,209,728","2,289,147","4,629,595","2,279,691","2,349,904","4,568,158","2,241,563","2,326,595","4,491,995","2,206,442","2,285,553","2,285,553","4,483,424","2,202,299","2,281,125","4,472,068","2,198,785","2,273,283","4,378,704","2,159,311","2,219,393","4,121,394","2,032,379","2,089,015"
52,"4,500,846","2,207,246","2,293,600","4,500,963","2,207,331","2,293,632","4,480,498","2,197,104","2,283,394","4,480,792","2,197,729","2,283,063","4,611,354","2,267,633","2,343,721","4,549,602","2,229,419","2,320,183","2,320,183","4,474,669","2,195,087","2,279,582","4,466,906","2,191,433","2,275,473","4,455,485","2,187,753","2,267,732","4,363,205","2,148,966","2,214,239"
53,"4,380,354","2,141,354","2,239,000","4,380,489","2,141,451","2,239,038","4,439,343","2,170,897","2,268,446","4,460,552","2,183,795","2,276,757","4,461,212","2,184,837","2,276,375","4,591,335","2,254,416","2,336,919","2,336,919","4,530,188","2,216,653","2,313,535","4,456,110","2,182,886","2,273,224","4,448,135","2,179,004","2,269,131","4,437,426","2,175,762","2,261,664"
54,"4,291,999","2,093,554","2,198,445","4,292,120","2,093,639","2,198,481","4,288,408","2,091,617","2,196,791","4,417,728","2,156,569","2,261,159","4,439,455","2,169,992","2,269,463","4,439,894","2,170,876","2,269,018","2,269,018","4,569,843","2,240,200","2,329,643","4,509,126","2,202,680","2,306,446","4,435,174","2,168,979","2,266,195","4,427,991","2,165,590","2,262,401"
55,"4,254,709","2,073,473","2,181,236","4,254,809","2,073,546","2,181,263","4,258,899","2,075,165","2,183,734","4,265,476","2,076,505","2,188,971","4,394,770","2,141,521","2,253,249","4,415,993","2,154,656","2,261,337","2,261,337","4,416,633","2,155,610","2,261,023","4,546,665","2,224,902","2,321,763","4,485,896","2,187,371","2,298,525","4,413,266","2,154,452","2,258,814"
56,"4,037,513","1,956,141","2,081,372","4,037,601","1,956,202","2,081,399","4,093,115","1,984,421","2,108,694","4,234,860","2,059,235","2,175,625","4,241,425","2,060,679","2,180,746","4,369,037","2,124,814","2,244,223","2,244,223","4,390,423","2,137,886","2,252,537","4,391,484","2,139,150","2,252,334","4,520,972","2,208,073","2,312,899","4,461,346","2,171,286","2,290,060"
57,"3,936,386","1,905,355","2,031,031","3,936,450","1,905,398","2,031,052","3,946,482","1,909,973","2,036,509","4,067,978","1,967,950","2,100,028","4,209,314","2,042,373","2,166,941","4,214,850","2,043,505","2,171,345","2,171,345","4,341,770","2,107,015","2,234,755","4,363,359","2,120,248","2,243,111","4,364,273","2,121,461","2,242,812","4,493,573","2,190,232","2,303,341"
58,"3,794,928","1,834,808","1,960,120","3,795,015","1,834,863","1,960,152","3,802,411","1,838,668","1,963,743","3,920,277","1,892,739","2,027,538","4,041,657","1,950,748","2,090,909","4,181,182","2,024,061","2,157,121","2,157,121","4,186,598","2,025,009","2,161,589","4,312,945","2,088,311","2,224,634","4,334,230","2,101,350","2,232,880","4,335,891","2,102,988","2,232,903"
59,"3,641,269","1,753,871","1,887,398","3,641,349","1,753,929","1,887,420","3,694,225","1,779,467","1,914,758","3,775,188","1,820,892","1,954,296","3,893,007","1,874,897","2,018,110","4,012,567","1,931,785","2,080,782","2,080,782","4,151,512","2,004,597","2,146,915","4,156,767","2,005,539","2,151,228","4,281,943","2,068,184","2,213,759","4,303,880","2,081,562","2,222,318"
60,"3,621,131","1,745,507","1,875,624","3,621,214","1,745,559","1,875,655","3,616,676","1,742,203","1,874,473","3,666,218","1,761,194","1,905,024","3,746,688","1,802,443","1,944,245","3,862,888","1,855,498","2,007,390","2,007,390","3,981,755","1,911,768","2,069,987","4,119,957","1,984,070","2,135,887","4,124,852","1,984,757","2,140,095","4,249,921","2,047,375","2,202,546"
61,"3,492,596","1,679,077","1,813,519","3,492,656","1,679,114","1,813,542","3,520,129","1,691,406","1,828,723","3,587,599","1,723,589","1,864,010","3,636,530","1,742,133","1,894,397","3,715,444","1,782,510","1,932,934","1,932,934","3,830,701","1,834,639","1,996,062","3,948,750","1,890,387","2,058,363","4,085,979","1,962,045","2,123,934","4,091,662","1,963,253","2,128,409"
62,"3,563,182","1,712,692","1,850,490","3,563,260","1,712,746","1,850,514","3,495,097","1,679,068","1,816,029","3,488,936","1,671,989","1,816,947","3,556,423","1,703,858","1,852,565","3,603,852","1,721,357","1,882,495","1,882,495","3,682,166","1,760,990","1,921,176","3,796,367","1,812,578","1,983,789","3,913,573","1,867,782","2,045,791","4,050,159","1,938,979","2,111,180"
63,"3,483,884","1,672,329","1,811,555","3,483,943","1,672,362","1,811,581","3,652,182","1,753,896","1,898,286","3,460,878","1,657,964","1,802,914","3,455,685","1,651,499","1,804,186","3,521,985","1,682,050","1,839,935","1,839,935","3,569,056","1,699,108","1,869,948","3,646,303","1,738,096","1,908,207","3,758,910","1,788,549","1,970,361","3,875,907","1,843,702","2,032,205"
64,"2,657,131","1,267,895","1,389,236","2,657,194","1,267,924","1,389,270","2,706,101","1,291,866","1,414,235","3,613,910","1,730,675","1,883,235","3,424,934","1,636,067","1,788,867","3,418,893","1,628,717","1,790,176","1,790,176","3,485,992","1,659,437","1,826,555","3,531,786","1,675,627","1,856,159","3,607,574","1,713,526","1,894,048","3,720,053","1,763,974","1,956,079"
65,"2,680,761","1,273,310","1,407,451","2,680,815","1,273,339","1,407,476","2,678,528","1,272,688","1,405,840","2,675,466","1,273,169","1,402,297","3,573,951","1,706,463","1,867,488","3,385,678","1,612,171","1,773,507","1,773,507","3,380,825","1,605,418","1,775,407","3,447,219","1,635,562","1,811,657","3,492,271","1,651,119","1,841,152","3,567,978","1,688,983","1,878,995"
66,"2,639,141","1,248,276","1,390,865","2,639,209","1,248,309","1,390,900","2,621,359","1,239,794","1,381,565","2,645,920","1,253,071","1,392,849","2,643,322","1,253,787","1,389,535","3,530,144","1,680,039","1,850,105","1,850,105","3,344,794","1,587,614","1,757,180","3,340,042","1,580,539","1,759,503","3,405,526","1,610,004","1,795,522","3,451,069","1,626,011","1,825,058"
67,"2,649,365","1,248,906","1,400,459","2,649,426","1,248,938","1,400,488","2,693,743","1,270,155","1,423,588","2,585,932","1,218,776","1,367,156","2,611,346","1,232,291","1,379,055","2,608,170","1,232,704","1,375,466","1,375,466","3,484,014","1,652,499","1,831,515","3,300,801","1,561,078","1,739,723","3,296,304","1,554,128","1,742,176","3,361,747","1,583,631","1,778,116"
68,"2,323,672","1,087,296","1,236,376","2,323,736","1,087,339","1,236,397","2,359,862","1,105,717","1,254,145","2,653,842","1,246,581","1,407,261","2,548,173","1,196,453","1,351,720","2,573,554","1,209,893","1,363,661","1,363,661","2,571,100","1,210,525","1,360,575","3,434,771","1,623,133","1,811,638","3,254,306","1,533,377","1,720,929","3,251,249","1,527,330","1,723,919"
69,"2,142,324","994,759","1,147,565","2,142,381","994,797","1,147,584","2,167,896","1,006,799","1,161,097","2,321,680","1,083,450","1,238,230","2,611,661","1,221,941","1,389,720","2,507,086","1,172,613","1,334,473","1,334,473","2,533,751","1,186,374","1,347,377","2,531,174","1,186,846","1,344,328","3,381,146","1,591,572","1,789,574","3,204,338","1,503,913","1,700,425"
70,"2,043,121","945,611","1,097,510","2,043,178","945,642","1,097,536","2,062,660","954,098","1,108,562","2,129,537","984,781","1,144,756","2,281,747","1,060,531","1,221,216","2,565,768","1,195,493","1,370,275","1,370,275","2,464,843","1,147,960","1,316,883","2,490,999","1,161,520","1,329,479","2,488,370","1,161,878","1,326,492","3,324,662","1,558,707","1,765,955"
71,"1,949,323","900,148","1,049,175","1,949,391","900,187","1,049,204","1,953,665","903,274","1,050,391","2,022,881","931,472","1,091,409","2,089,893","962,176","1,127,717","2,238,309","1,035,642","1,202,667","1,202,667","2,519,507","1,168,810","1,350,697","2,419,540","1,121,903","1,297,637","2,446,446","1,135,797","1,310,649","2,443,843","1,136,177","1,307,666"
72,"1,864,275","853,726","1,010,549","1,864,324","853,749","1,010,575","1,883,894","862,564","1,021,330","1,912,282","879,897","1,032,385","1,981,539","908,109","1,073,430","2,046,427","937,547","1,108,880","1,108,880","2,194,211","1,010,349","1,183,862","2,468,839","1,139,872","1,328,967","2,372,281","1,094,802","1,277,479","2,399,286","1,108,765","1,290,521"
73,"1,736,960","787,863","949,097","1,737,022","787,903","949,119","1,750,372","794,669","955,703","1,840,052","838,098","1,001,954","1,869,214","855,718","1,013,496","1,936,203","882,714","1,053,489","1,053,489","2,002,134","912,547","1,089,587","2,145,541","982,902","1,162,639","2,415,320","1,109,590","1,305,730","2,321,473","1,066,091","1,255,382"
74,"1,684,487","756,624","927,863","1,684,563","756,661","927,902","1,686,065","758,853","927,212","1,705,554","769,939","935,615","1,794,560","812,889","981,671","1,821,988","829,500","992,488","992,488","1,889,901","856,949","1,032,952","1,953,194","885,423","1,067,771","2,094,035","954,182","1,139,853","2,357,801","1,077,532","1,280,269"
75,"1,620,077","721,008","899,069","1,620,158","721,040","899,118","1,631,948","725,686","906,262","1,638,654","732,956","905,698","1,659,192","744,557","914,635","1,744,755","785,587","959,168","959,168","1,773,949","802,888","971,061","1,839,060","829,010","1,010,050","1,901,800","857,110","1,044,690","2,039,236","923,942","1,115,294"
76,"1,471,070","647,804","823,266","1,471,157","647,847","823,310","1,481,772","653,577","828,195","1,581,379","698,458","882,921","1,589,512","706,413","883,099","1,608,437","717,122","891,315","891,315","1,694,182","758,003","936,179","1,721,269","774,181","947,088","1,785,775","800,006","985,769","1,847,158","827,432","1,019,726"
77,"1,455,330","631,884","823,446","1,455,414","631,915","823,499","1,449,228","630,882","818,346","1,430,871","626,536","804,335","1,529,055","670,646","858,409","1,535,801","677,816","857,985","857,985","1,556,807","689,414","867,393","1,638,604","728,222","910,382","1,666,031","744,397","921,634","1,729,114","769,612","959,502"
78,"1,400,123","602,458","797,665","1,400,205","602,490","797,715","1,402,261","602,805","799,456","1,394,574","602,266","792,308","1,378,369","598,947","779,422","1,471,959","640,683","831,276","831,276","1,481,179","648,875","832,304","1,500,111","659,423","840,688","1,580,281","697,195","883,086","1,607,240","713,055","894,185"
79,"1,371,195","579,234","791,961","1,371,312","579,284","792,028","1,355,002","573,910","781,092","1,343,797","572,627","771,170","1,338,237","573,149","765,088","1,321,224","569,340","751,884","751,884","1,414,026","610,462","803,564","1,421,387","617,698","803,689","1,440,868","628,371","812,497","1,518,513","664,775","853,738"
80,"1,308,511","543,559","764,952","1,308,608","543,595","765,013","1,319,813","549,247","770,566","1,292,519","542,196","750,323","1,283,536","541,952","741,584","1,277,082","541,986","735,096","735,096","1,263,371","539,533","723,838","1,350,788","577,997","772,791","1,359,236","585,560","773,676","1,378,494","596,081","782,413"
81,"1,212,865","494,870","717,995","1,212,976","494,914","718,062","1,212,664","496,090","716,574","1,252,511","515,655","736,856","1,228,264","509,996","718,268","1,218,481","509,279","709,202","709,202","1,215,525","510,763","704,762","1,200,591","507,688","692,903","1,285,201","544,588","740,613","1,293,831","552,132","741,699"
82,"1,161,421","462,983","698,438","1,161,546","463,020","698,526","1,158,424","462,831","695,593","1,143,974","462,451","681,523","1,183,647","481,799","701,848","1,159,174","475,932","683,242","683,242","1,153,165","476,692","676,473","1,148,785","477,523","671,262","1,135,811","475,160","660,651","1,216,640","510,165","706,475"
83,"1,074,809","419,831","654,978","1,074,941","419,882","655,059","1,081,505","423,024","658,481","1,085,413","428,006","657,407","1,073,832","428,711","645,121","1,109,606","446,093","663,513","663,513","1,089,796","442,019","647,777","1,082,286","442,029","640,257","1,079,926","443,624","636,302","1,068,110","441,701","626,409"
84,"985,721","373,131","612,590","985,854","373,169","612,685","987,098","375,705","611,393","1,005,470","387,654","617,816","1,011,161","393,280","617,881","998,639","393,336","605,303","605,303","1,035,631","410,825","624,806","1,014,952","406,272","608,680","1,009,519","406,959","602,560","1,008,215","408,980","599,235"
85+,"5,493,433","1,789,679","3,703,754","5,495,003","1,790,030","3,704,973","5,543,134","1,810,064","3,733,070","5,701,892","1,884,335","3,817,557","5,878,177","1,966,755","3,911,422","6,014,210","2,035,140","3,979,070","3,979,070","6,154,403","2,104,402","4,050,001","6,278,584","2,170,485","4,108,099","6,381,877","2,227,848","4,154,029","6,468,682","2,279,669","4,189,013"
,,,,,,,,,,,,,,,,,,,,,,,,,,,,,,,
Median age (years),37.2,35.8,38.5,37.2,35.8,38.5,37.2,35.9,38.5,37.3,36,38.6,37.5,36.1,38.8,37.6,36.2,3,38.9,37.7,36.4,39,37.8,36.5,39.1,37.9,36.6,39.2,38,36.8,
